{
  "baseline": {
    "bleu1": 0.24109733579530468,
    "bleu4": 0.05523397922064217,
    "rouge1": 0.40056668371239645,
    "rouge2": 0.14536104453362944,
    "rougeL": 0.2496922152753842,
    "bertscore": 0.8465383648872375
  },
  "finetuned": {
    "bleu1": 0.38312471597703773,
    "bleu4": 0.16032703132789394,
    "rouge1": 0.5926168729541481,
    "rouge2": 0.31899254709544017,
    "rougeL": 0.45533896731199486,
    "bertscore": 0.9127104878425598
  }
}